Codon,NM_001838.4_count,NM_001301717.2_count,Delta
AAA,20,19,1
AAC,19,20,-1
AAG,41,41,0
AAT,3,3,0
ACA,31,31,0
ACC,35,35,0
ACG,18,17,1
ACT,16,16,0
AGA,22,22,0
AGC,36,37,-1
AGG,38,38,0
AGT,16,17,-1
ATA,6,6,0
ATC,35,35,0
ATG,57,56,1
ATT,6,6,0
CAA,15,15,0
CAC,24,24,0
CAG,37,38,-1
CAT,11,11,0
CCA,31,30,1
CCC,20,20,0
CCG,7,7,0
CCT,24,24,0
CGA,5,5,0
CGC,18,18,0
CGG,20,19,1
CGT,5,6,-1
CTA,7,7,0
CTC,42,41,1
CTG,39,38,1
CTT,27,28,-1
GAA,9,10,-1
GAC,23,22,1
GAG,37,38,-1
GAT,14,14,0
GCA,12,12,0
GCC,42,42,0
GCG,12,15,-3
GCT,34,34,0
GGA,15,16,-1
GGC,27,27,0
GGG,19,17,2
GGT,11,13,-2
GTA,4,4,0
GTC,24,24,0
GTG,32,32,0
GTT,7,7,0
TAA,5,5,0
TAC,18,18,0
TAG,9,9,0
TAT,5,5,0
TCA,30,30,0
TCC,35,35,0
TCG,11,11,0
TCT,19,18,1
TGA,11,12,-1
TGC,23,23,0
TGG,39,41,-2
TGT,24,25,-1
TTA,8,8,0
TTC,31,31,0
TTG,28,29,-1
TTT,16,16,0
