Codon,NM_001301717_count,NM_001301718.2_count,Delta
AAA,17,17,0
AAC,18,18,0
AAG,30,30,0
AAT,2,2,0
ACA,19,21,-2
ACC,26,28,-2
ACG,8,9,-1
ACT,8,8,0
AGA,9,10,-1
AGC,23,25,-2
AGG,20,21,-1
AGT,10,12,-2
ATA,6,6,0
ATC,33,33,0
ATG,34,35,-1
ATT,4,5,-1
CAA,10,10,0
CAC,14,14,0
CAG,31,32,-1
CAT,4,4,0
CCA,15,15,0
CCC,14,15,-1
CCG,4,4,0
CCT,6,8,-2
CGA,4,4,0
CGC,15,15,0
CGG,14,14,0
CGT,4,4,0
CTA,6,6,0
CTC,33,33,0
CTG,33,33,0
CTT,13,15,-2
GAA,9,9,0
GAC,16,16,0
GAG,28,28,0
GAT,9,9,0
GCA,5,5,0
GCC,30,31,-1
GCG,8,8,0
GCT,20,20,0
GGA,4,4,0
GGC,13,15,-2
GGG,11,11,0
GGT,4,5,-1
GTA,1,2,-1
GTC,21,21,0
GTG,30,30,0
GTT,1,1,0
TAA,3,3,0
TAC,16,16,0
TAG,4,4,0
TAT,2,2,0
TCA,13,13,0
TCC,23,24,-1
TCG,4,4,0
TCT,9,9,0
TGA,2,3,-1
TGC,20,20,0
TGG,18,18,0
TGT,12,12,0
TTA,4,4,0
TTC,25,27,-2
TTG,21,21,0
TTT,11,11,0
